,Feature_0,Feature_1,Feature_2,Feature_3,Feature_4,Feature_5,Feature_6,Feature_7,Feature_8,Feature_9,Feature_10,Feature_11,Feature_12,Feature_13,Feature_14,Feature_15,Feature_16,Feature_17,Feature_18,Feature_19,Feature_20,Feature_21,Feature_22,Feature_23,Feature_24,Feature_25,Feature_26,Feature_27,Feature_28,Feature_29,Feature_30,Feature_31,Feature_32,Feature_33,Feature_34,Feature_35,Feature_36,Feature_37,Feature_38,Feature_39,Feature_40,Feature_41,Feature_42,Feature_43,Feature_44,Feature_45,Feature_46,Feature_47,Feature_48,Feature_49,Feature_50,Feature_51,Feature_52,Feature_53,Feature_54,Feature_55,Feature_56,Feature_57,Feature_58,Feature_59,Feature_60,Feature_61,Feature_62,Feature_63,Feature_64,Feature_65,Feature_66,Feature_67,Feature_68,Feature_69,Feature_70,Feature_71,Feature_72,Feature_73,Feature_74,Feature_75,Feature_76,Feature_77,Feature_78,Feature_79,Feature_80,Feature_81,Feature_82,Feature_83,Feature_84,Feature_85,Feature_86,Feature_87,Feature_88,Feature_89,Feature_90,Feature_91,Feature_92,Feature_93,Feature_94,Feature_95,Feature_96,Feature_97,Feature_98,Feature_99,Feature_100
0,-0.52819628108482,0.36104042637826,0.10821725914453,-0.67807056420472,-0.49144102072871,0.36703811073615,0.1537635365005,1.13257899687,-1.0130558783385,-0.062527012069235,-1.369500030528,-0.25214531821393,-1.691596114887,1.3995146356157,1.0775805286167,0.35935989583818,-1.2922315011974,-0.16543150029687,-0.051293524191071,-0.48979810786996,1.2660236735586,-1.4211768838296,-0.60176563474197,-1.7280297386185,0.29436519623826,1.1191904862555,-0.34442369292576,0.45761989158776,0.67210383768754,1.0493593301222,0.11676399503911,-0.84434825666144,-1.5716568883826,0.96402756636925,-0.81160340210565,-0.240441993702,0.80922298700986,1.238120479089,-1.4784835565767,-0.50920177943624,0.1763329288378,-0.41812784883548,-0.81993602208826,0.90171152801658,-0.44260612683246,-0.51460567253632,0.18766286594578,1.8612725697171,1.8558526328077,1.5022122924557,-1.4188785273671,-0.76626674628769,-0.37059944323333,-0.27240617197187,-0.051139368826199,0.10762537942533,0.75156342077893,-0.66841649343155,0.37685507244985,-0.25993460365051,1.5817794256522,-0.24146478706963,-0.86837676462516,-1.0851054188444,-0.62624188451871,1.0863366963088,0.9414013115162,-0.5725042986778,-0.61342994670046,-0.73550025076245,-1.565246827141,1.0916539775925,-0.63430586839028,1.1199535974679,0.47775109931463,-0.318830973628,-0.037314552011273,0.28010035010497,1.1301548512352,0.89829984966321,0.39011484685173,-0.19138697646835,0.60007203494387,-0.59902009746745,-0.43579290940537,0.88937218203538,1.0668103933152,0.59030646755711,-0.38213921703918,0.63936359107789,1.4801967074734,0.53275490159418,0.96344737277758,-0.67992699035739,-0.99887326919091,0.54767495739317,-0.29976606951817,0.6571285843666,0.49820637719568,-1.7381163983196,104.24162385615
1,0.96451744879552,-1.0665462584341,-0.76099765048496,0.29563536055219,0.47337369678374,0.83157323806345,-0.36924695159665,-0.526567867336,-0.11050354298633,-0.54496213072839,1.2271287122601,-1.5393821827148,0.77087026429386,1.5700671042493,0.70905860721193,0.32656820553885,-0.69218312003997,2.0925912072725,0.77407635457891,0.68066218900962,-1.1876792140512,1.2622817744087,1.0454064833411,0.15666089502633,-0.6855623862279,-1.1416133308098,0.36577159745713,0.49758333460879,0.60246937490792,0.43381910928951,-0.39834436909563,-0.32194280729135,-0.89632996252674,0.51559994071226,-0.80324272129524,1.4145450884974,-1.0953764306899,0.67749950332026,1.5499343276629,0.15131360777631,0.19920523803057,-2.256849590844,-0.64839589605216,-1.5370986834893,0.1881182466813,0.77621496842213,-1.4319921166356,0.80744756901012,2.8420362225545,-0.19034572635085,-1.0495006135233,-2.4127854932613,1.0771874720845,0.080166171193169,-1.0191874898682,0.87269951839707,1.4188816665692,-0.7499012518386,-0.97179644029505,1.9823729120363,0.082581659694151,1.0600119116166,1.2119618594615,-0.97970410078172,1.7677850102133,0.14817888098023,0.98611827014681,-0.20628907135364,-0.050577929213171,-1.5291509308509,0.37295470377236,0.0056990145702657,-0.72119066683751,1.5461232095184,-0.35494545458069,1.3852456171196,-2.0214803387688,-1.5235501561495,-0.34982767989566,0.064838448649508,-0.00061643754428064,-0.82216562243497,-0.32965775765206,-1.1452715253001,-0.55753732841472,0.046776778389633,1.5115343396248,1.4067189049407,0.62176695935343,0.31823081321137,-0.61910947474259,1.0004339599566,-1.0473069727294,0.90844802003344,-1.0614147682852,1.147219056301,-2.0314827675007,1.5504731416744,0.25013029809951,0.80808456270972,68.030717196817
2,-0.68336248290222,-0.04617044904857,0.95268818073099,1.9801717608784,0.58273022561072,0.81531919532665,0.055597199448417,1.1925343387807,0.070823858892689,-0.53537088434796,-1.1231921826811,-0.79583703594876,1.3335700453637,-1.3329420663103,0.046035250647979,0.13088635516747,0.058873799723969,0.74815743154625,0.28304654869708,-0.65633099487096,-0.76767365574884,0.20992148767612,0.1278979117944,-0.19977475390304,1.0190004763547,0.30424289126787,-0.41561497675815,-1.4836076234904,1.2257561095485,-1.267833371365,2.0773098876885,-0.36746427685873,1.1740263586903,-0.92721562805082,-0.34778047180244,0.36051756485807,-1.2088078028388,0.43692252630607,0.40519932069996,0.90361998505178,-0.041367061228129,0.41708294247676,-0.98686223689052,0.39666066384687,0.92192514109479,-2.1933153630385,-0.33413230934178,-1.1060932585625,-0.18509358921309,0.60171043531704,0.028374629731208,-2.3204111430625,-1.3439146705468,0.11280327771468,0.064084122830189,0.93184313487389,1.656728118879,-0.35261946970726,0.13621752898181,-0.70580146889368,0.10387500062008,0.96400746908707,-0.34846353891427,0.92360019592504,-0.85984696318545,-1.2189782504506,-1.6141220020384,-1.2256258238737,0.79667362206033,1.4373553392061,0.75825695866248,-0.53797956484628,-0.43884164634309,-1.00667306366,0.035556449915435,0.43435096615819,-0.19702247279015,0.65954138332609,0.92238905231201,-0.44815682605603,-0.22796830005536,-0.52839682530054,0.61242765435174,0.34895675814069,-1.6374047212535,-0.48886453434168,-1.7860525302467,0.39184790556663,0.0085226622424303,-0.90896294952876,0.62817330173379,-0.54851871596258,0.32086171935273,0.91041291312152,-0.26520030685346,1.4457395830923,-0.76314070540527,-1.2079971390864,-0.17205418442938,1.0600871965347,120.3507098106
3,-0.89756154594033,-0.070416582117231,0.75438190614026,0.0013434923298924,1.9958333582241,-1.937455719516,1.243640665308,0.57144956883151,0.41888463666332,-0.88018849581013,-0.24975179954342,-0.31352207748861,-0.10319561624745,-0.34115907976439,1.5750444648642,-0.94653374360715,1.5373441714312,-0.97514633183676,-1.6689404839381,1.8611632689412,-0.047862050540333,0.76138335593771,-0.26260774404188,2.566752895396,0.75677063177963,-0.76065167942256,0.40364510788617,-0.24627026472229,1.3002109019618,-1.1497997544235,-0.90366079368139,-0.33569796072665,0.2422952231289,0.37881840517679,1.385920756478,1.3763524910872,0.40723871282331,-1.3178374794385,-1.1309164936088,0.79613877003978,-1.2822551112094,0.1660417884831,1.2728009062355,-0.51303418765081,-0.24758186792889,-0.049045436427803,-1.7614804289304,-0.90079587445041,1.3256318693622,1.5740261159267,-0.34796621995219,0.7513771699094,-0.5069031762971,0.30323418097134,0.21781628333495,0.036975548806715,1.5453051830578,0.67573470544428,0.058563211494747,-1.3319618438924,-1.8496699299804,-0.11638730538182,-1.4246332769831,0.51452275722003,0.35665358835802,0.13100634787709,0.90914984662115,0.065593001031225,-0.23757540089021,-0.83696849031082,-0.74640445744901,1.0929306718189,-0.20106838973841,1.4792746937299,1.4975249917937,-1.794676817742,-2.3262998211255,0.48902269944952,0.076131143036041,-0.69098851381079,-1.376402082824,-0.02637413473117,-1.7152454442628,1.2764293279093,-0.31496621211192,-0.017669739618084,-0.078468943631418,1.3077318343701,0.050539634035418,-0.82559403669318,0.76026738353138,0.6346097039085,-1.7180710074473,1.9550451130474,1.1604363224264,-0.31641055474011,0.35745369304355,1.6232965353091,0.38337858292776,1.9147331801275,26.278419883211
4,0.46906293631729,0.54663482710691,0.22529629144965,-0.089215970284116,0.33820920666236,-0.32854909720576,-0.28469493435309,0.73244426576821,-0.43431355338361,2.0757430045925,-1.0680290575472,-0.04449854009195,0.44389336260091,-1.5009942431674,-0.85165952335036,0.7632756881497,0.18142553016735,0.31508559659326,2.396634059431,0.76137860530305,0.37883860285833,-0.6784379707598,-0.6070647579766,-0.56106638682895,-0.44713653738826,-0.021382514522287,0.46276867067305,-0.44615440841081,-1.2198326745312,1.3937822172879,1.1146867116648,1.17745431831,0.79415155658489,0.28028258804163,0.71709476684562,0.48649358160267,-0.015603007889821,-1.6185203466893,-0.72698982409059,-0.30419124161159,1.8904900618315,0.90377297723509,-0.84556181477466,0.8044843569493,1.0689437856339,-0.052233106329641,0.40000750639487,0.33487952900176,0.39347108521977,2.0307914543292,0.015631715233549,0.063109379318878,1.6965945106993,-0.10476727275989,-0.73332186986406,0.37969292489845,2.1224704233863,0.12099023787592,-0.27172753077834,0.26259264290946,1.8907428920719,-1.1412581420403,-0.46305380590558,0.2135942678385,-0.74319660325122,0.35457710344804,-0.65343975638494,0.62421337564339,-0.25287805599524,1.2685022913691,1.1997366561786,0.23698100443547,-0.36074521257906,-0.28908750540548,0.092967326943628,-2.250425076851,-1.0167265008799,0.23966915219702,-0.084868169114642,0.69274257971523,-1.0574582824478,0.45385043734889,-0.45958099644966,0.64668565109174,0.24854284685075,0.69654603908358,0.55360696710723,0.15687281217026,0.025327306715146,1.0157333910635,0.33345042994391,1.1473172739423,2.5389431970445,-0.14836391003888,1.2100458885762,0.60247260574582,-0.031873309942761,1.3353044937597,-0.73178768171902,-0.32794146197412,26.278419883211
5,0.083561590715411,-0.025872082992279,0.81165678392019,0.14357443390063,1.5569195964287,0.66259392753967,1.0204981928097,0.36341692638383,0.24795986743589,2.8107702281511,1.4264140211857,0.14213492779171,1.0126518503429,0.83799186457789,1.07166825907,-0.26049856698745,-0.18781409464733,0.35764181456961,0.7865124927013,-0.019092341726666,-2.0083220499427,-0.59797338269177,-0.24282406881235,0.64157988600622,1.2276213999204,0.66479970564939,0.56036009536912,-0.89080653511221,-2.0059250471779,0.71043804404921,-1.8861454098889,-1.2738681089741,0.8693112756684,-0.15297007247808,-0.23603130388415,1.3393898952948,-1.2195669450233,0.76139727285642,-0.38130269865003,-0.63189157322395,1.1881458623856,1.1646397268071,-0.016060972879918,1.5757873390426,-0.39864493716024,0.43505579564304,-0.34013734463915,0.50104977481036,-0.28608025296404,-1.3228978963288,1.501515316663,-0.50636069927122,-0.2348736363519,0.36214192469288,0.64686440700096,-0.13062749315173,-1.3533365355738,0.74096377003567,-0.40830973674818,-1.9275505151287,-1.1057905836315,-0.24817949323678,0.61724429773701,-1.7397547050645,1.3687931066778,0.9792667864329,-0.22153065944199,-0.62925718494988,1.1685511812029,0.61516797940753,1.1876901315295,0.08626154821212,0.54708006280248,3.0706204906302,1.9961476517704,0.64167301690822,2.6148188785506,0.5811019756875,-0.62678786200725,0.50232582891859,-0.81831930171055,-0.31347237679483,-0.06504197370882,-0.084197706480677,-1.1837022225187,-1.432341921509,0.59167452259601,0.55280516888005,-0.4193207388169,0.67071637520181,-0.5026674914419,1.2706419513614,0.37117363571066,-1.4508741930863,1.4563775431597,-0.88626632502985,1.5834226768854,-0.87276144119683,0.33199217486362,-1.2701421722716,-169.73339035167
6,-1.4562202107417,0.031417970022295,1.5695765485978,1.3049342597368,-0.28839533989023,-1.3139950888187,-0.012649027508823,0.61294902897168,0.49145049325914,-1.6414859503222,-1.0417016473788,0.44274949676193,1.487368808295,1.0267341900195,-0.71417145189358,-0.50515470681088,-0.75860722972548,0.94180934796632,0.30122874053778,0.19043910941661,-2.3281209155925,-0.89928024391562,0.23161031892279,-1.1686026473689,-0.63618387551113,-1.0478271988207,-0.59320867745504,-0.45913305367462,0.45240171037158,0.79051994405507,0.46803848930537,-0.57061826985856,-0.42906364669132,0.11861307115085,0.65190066359181,0.46986423254217,0.29218340372082,1.0770866335041,-1.9521198004445,0.451315557074,1.1612992275108,-1.5824404148053,0.055310337202394,-0.9881001109513,1.1585983004439,1.5121601060303,0.78602040129774,0.54494691214414,-0.56012143498493,0.84672366913849,1.1849285225634,-1.9049455663173,1.0688781708898,-0.40818655043909,-1.6536275463976,0.73400366074044,0.44868011379911,1.5691022445588,-0.31609218492467,-0.85408253950026,0.85404309564832,1.5537658581621,-1.5246123708646,-0.41095655101222,0.71645118777951,-1.2163050044061,0.61993029681992,-1.4072694936244,0.31556502594472,0.22404979862773,-1.1989942174529,0.67187294282247,-0.51208160919739,0.40410480363896,0.20437699203942,-0.30547326180182,0.09295727573228,-0.81817757172632,-0.80338802492972,-0.96883533748722,-0.33693656663675,0.55893961217051,0.46773418667909,-1.97992798176,1.7378843810542,1.0189418756048,-0.08431344146244,-0.0204823680494,1.2472811548511,-0.52357361378774,-0.93066636041207,0.089849274693156,2.5558269671753,1.3112701731449,0.45161410280299,-0.85900407397343,0.24338531553625,-0.2148509642312,-2.2098547094555,-0.089852642276851,26.278419883211
7,0.88807962932673,-0.65523292741719,1.1108816397371,0.54071268667846,0.797700312399,-0.072291202140111,-0.32793304555732,-1.93601620522,-1.3637246839484,0.26224387109015,0.18769534391275,0.84550344107524,0.050398172030509,-0.93696992106573,-1.1444118579082,-1.7542036158106,-0.17448777178134,-0.18503449811859,0.60102237099303,-0.79129450483108,-0.15916952993151,-0.20059458685566,0.88167103077136,0.025709054310418,-1.3162292333602,-2.2147745267841,0.36620555508787,0.15109181792142,-0.48013086975918,-0.82572720158713,0.8410141926465,-1.3594182919951,-1.171670575676,0.2996675999647,-1.051831223027,0.24112569112489,0.01536115268898,0.74056967416554,-0.013915939375049,0.87683063592224,1.6457879914431,-0.16942837352807,-0.29671824324854,-1.178232792924,-0.16477024568311,-0.39427979730919,0.23372397283819,-1.1094493518958,-1.0030372722493,0.19923491029021,-1.5217136325214,1.5652340138619,-0.015981494620387,1.1828044847299,0.39929713320126,0.14070711306847,-0.19240680783044,1.3021914064677,-0.52621195478756,-0.9679348949134,0.91821464456068,0.97985799497506,0.97687469988705,0.76050211374442,0.62011514238271,-2.0452192392836,0.70132752217091,0.37731614200115,0.28916366622213,-0.53191715928834,0.93655962844675,1.7726367918602,-0.10640290985071,-0.90536325068169,-1.9224653276998,-0.91601545334125,0.48950797060169,0.26102184081652,-1.1277446934252,-0.54187894025716,-0.11851173162089,-0.50731853310992,-1.3387004678095,-1.1109131087436,1.1758311904834,-0.087300130066092,1.0864227854425,-0.72006347500251,-0.14067975928543,-3.0494321756255,-0.06595054675962,-0.68461307262648,-0.042654038665442,-0.51172110296701,1.2386716767401,0.30221075541414,1.5129693324148,0.51965491495767,1.1560614554927,-0.61095161016071,89.955126073929
8,-0.26225190737255,0.87455373048352,-0.82442193642385,0.26352879638975,-0.14942415263404,-0.19574455730638,0.038770094131745,-0.10380570756789,0.89243471177059,-0.07406220429927,-0.36386286443867,2.144179060763,-2.4564672173958,1.4301938878076,0.89745872799268,1.0345846327726,-1.4208735673461,0.24347592141057,1.657792839922,2.3270289129647,-0.16913631031734,0.88011852397837,1.5205275010697,0.51210943035638,0.1554750238083,-0.025256366582982,1.0682876815278,-0.23625635339048,0.18275346302456,0.53934330296611,0.79277675995434,0.61966691256962,-0.18431745073093,0.42074761841512,-1.5646114870801,0.94200532123684,0.46627974419162,-0.23536768985933,-0.31735784439933,-1.3636375201818,1.6566954186323,1.1516998956619,-1.6326489519846,1.7083186422955,0.92891751307984,-0.38180588893882,0.60143127867725,-1.5836923447536,-0.0045069647165403,0.96815446371445,1.1764689663311,0.93841526834911,-0.032048872759745,1.7083807624818,-0.69337152135248,0.5978030296575,-1.0151659091269,0.60857002229156,1.5084688251611,0.34883429534202,-0.53538447166911,-0.27367316610278,-2.2613463195218,0.35910373618761,1.115781119552,0.60005189011886,-0.15166490881861,1.4851584734947,0.5778065562762,0.069954156531439,-0.22063203047862,-0.97513185336276,2.3361138391255,-2.2915909309308,0.30405819520302,-0.0070077399511109,0.34896616204901,-0.85254830841242,0.9263599014683,-1.573503981024,-0.34603216742402,1.7587180806426,0.30305016174056,-0.98258714548532,-0.64961391549729,0.74259726735398,0.16524902177387,1.0669195237793,0.54936164238111,-0.73466786867348,0.1677159487891,2.2200469425579,1.694590747201,0.2375659703271,-1.5350930992388,-0.62069302736328,-0.48651969212381,0.8734572721074,-1.1394624928343,-0.16311098544883,49.176100597897
9,-1.1891083342859,1.2069865513062,0.082135324119002,1.5141427065746,-2.6731520589434,-0.29967234643356,0.90239262316357,-1.0056850556197,2.1499554200721,0.36344338511921,0.38433161036204,-1.1258350664991,-1.7195966452221,1.4286813011091,-1.1757105905261,-0.93659519474817,-2.640579213018,0.26910758942081,-2.2889670560144,0.70986262605834,-0.23954054932544,-0.94457740124134,-1.6123146737491,-1.1900276459386,0.5100191709623,0.97162041499277,-1.7311477713232,-0.83615684447319,-1.4456518718774,-1.4047350388658,1.7598278894284,-0.48061888223906,-1.5068320922459,-1.7718827525524,0.64080246685379,-1.89170180021,-0.25868956788447,0.74318764568807,0.70680410738818,-0.01527497530487,-0.14383277915751,0.34986354793902,-0.82015742774266,-0.35264379736532,-1.045676119406,-1.4512339181483,1.7236877047559,1.5596095737911,1.0182607035351,-1.0188311754111,-2.1814100182247,-1.0730229157656,0.59756052247323,0.68680904783518,-0.11537863403366,0.30143964957932,0.64409274196893,-0.81776333739332,-0.4889324709435,-0.46980446242478,-1.1400400460334,2.3588234756603,1.6697118677888,-0.2701601309126,-0.9931350521051,-0.087501459000573,-0.71470380748502,-1.3666041577698,0.9807289856998,-0.77498425790682,-1.7778921849535,1.0384686846653,-0.41857041897456,0.45755952360633,0.30673632556636,-1.1070652073105,-0.13697216199059,0.2610725560288,-1.6092943091376,1.2346352106417,-0.31031142182549,0.88010460944969,0.84278469861404,0.028026578998547,1.3164016465691,1.2376582627233,-2.0721663880557,0.49804132720327,-0.74951439390886,0.6349508614976,0.061159865556446,-0.28717599670527,-0.61297717197102,-0.48310049784792,-0.55167264252142,2.2066626712013,-0.45046426518397,0.52273749259979,0.020033851441043,-0.97778428378006,26.278419883211
10,-0.66355285276952,2.016890757858,-0.28674197095332,1.055247981617,1.0153776367941,-0.4940172087728,0.82172525529292,0.22830799166689,0.41589380752908,-0.11041456826906,0.49102695017544,0.87940172513055,0.035677769280422,-0.28088909992959,0.090753587894719,-1.6966476657795,-0.36148929923189,0.7201277469567,-0.28384714238973,0.47057407182098,1.7057482444373,0.67430239829284,2.1980756880328,-0.37145774966783,-0.041380109076133,-1.1272637674207,-0.099697485338478,-0.64528866545296,-1.1377258326662,0.5774034422311,0.58180434380526,-0.68320109367761,0.96828421511183,0.65822152482893,1.4865452990121,0.31012708258371,0.15207949225575,0.79006493638866,0.73164848556056,0.31800348609139,-0.46179251891214,-1.2182909613729,-1.7550244998895,-0.75057784595161,-0.34683660165061,-1.1572991802644,0.051554556980777,-0.33859629758696,-0.96405030377472,-0.6855423701685,-0.39272188929295,-0.53368419497883,1.1824693409853,0.69839309733317,-0.2828105368392,1.0888303416052,-0.37944893831252,-0.69495822678041,-1.0717831087909,1.8419950925608,1.1484415744304,-0.45979475525627,0.03712306649871,-1.0923325805851,1.1069208573102,-0.82399313487437,0.14318514405259,-0.091068273582494,0.80314302822018,-0.10873580606463,0.78561152716173,-1.18366923424,-1.2687380166649,-0.14276295745282,1.2547423703802,-1.4539134635431,0.53763871174008,0.63238160069641,-0.77036374741354,-0.072622940859183,-0.34203217105817,0.2791356326662,1.1182118088517,-0.71322535394586,-1.798622826904,-0.88944019427748,-1.9495814438537,0.67291822544149,-0.21817885884939,-0.69815297494595,-0.77321606559448,-0.54469443202752,1.2933970404368,-0.81726543459563,0.39450384637568,1.4948956205107,0.14154160609802,1.2939079897817,0.56569507742034,-0.54328962648179,-66.782343143568
11,-1.3211630236519,1.8096404805043,-0.37784514456764,0.61678106850467,0.13026942082016,-0.06622393969182,0.72711705786119,1.0288512031613,-0.79767802318591,0.26202382305606,0.52844730297413,-0.065497114719235,0.4723764488538,0.32283855228285,1.351420458277,2.0185385383325,1.7018834132604,-2.0849406250806,1.4600403864622,0.40923552511657,0.589862001693,0.65985916285148,-0.53235299803451,-0.61190688548142,-0.23978090754933,0.54565717717885,2.4978483842094,-1.0640759426801,0.53965574596641,0.99704080043284,0.15765470795109,-0.3238768896708,-0.17238014961494,-0.26947244947701,-1.3941564785838,-0.60971310896161,-0.11758592922766,-0.23839499299206,-0.766187337136,0.89961942169599,-0.24651354825455,-0.99620621263598,-1.20111432122,2.2094152082291,0.37266366755252,0.73617488102379,-0.39058389004991,-0.509958090591,-0.74398925255054,-1.2517054584573,-1.6062810256395,1.463227548181,0.8434930245297,2.0143352560301,-1.360100521918,1.5893985477128,1.1774202979005,0.94695005511579,2.2889853162199,0.18280739996434,-0.89774506718265,1.7084265356205,-0.55513423973905,1.9207808321093,-0.12981530394462,-1.5895646389579,-0.52090826855429,-0.56784782158517,-0.65430324576634,1.3498017252763,0.92766016195866,-0.031703996889765,0.74087456786614,0.79727174307443,0.18313509527634,-0.94095484475274,1.699906086944,-0.58084571026601,-3.2092028793722,0.36440191737362,-0.2291009400629,0.34360829180908,0.45578189168591,-1.4700954929624,-0.85061543068194,-1.4291606911138,0.4469853394663,0.14959406001999,0.69798674406531,-0.63930766783089,-1.0120744782673,-0.87559225260328,-1.295143848835,-0.12374978618749,-0.84177646617967,-1.3660233705238,-0.022309812972961,0.18195017471243,-1.0591629616686,0.012422486250581,-66.782343143568
12,0.41176439886161,-0.43839406077941,-0.47690748249773,-1.5080407341605,0.82193113696753,0.99473921007741,1.1208878801038,-0.75074679030433,-0.3490451744614,-0.7477996818533,0.38326313460733,0.15049750239335,1.2904573273291,1.1390775126029,0.53656021611874,-0.70168157975649,-1.0819660062876,0.35977053833819,0.36819233301615,-0.087989746813752,-0.041862364856665,1.8765043056274,0.24661088889025,2.8134469352598,0.20404097842371,1.1529230221688,-0.72955381468509,2.0608405718455,0.48592470687308,-0.63980028972198,1.1173318360825,0.76947521603522,2.1414109668156,0.56240565314899,1.217871806851,0.80062769550173,0.39021911377825,0.63609168460201,0.37432466654789,0.17094824156279,-0.93809952316955,-0.10312447338414,0.75430975977142,-2.0960152142805,-0.039804147103571,0.095457631044336,-0.83733238582965,0.9842569898034,1.2817027119628,-0.38558058713541,0.92837226260019,-0.74674051106342,0.62191434016635,-0.74884798029367,-0.44007800487939,0.70731152902945,0.7005130950999,-1.720325800383,-1.0523403610592,0.81999190621608,1.1008412313891,0.53483155219702,0.46303020239561,0.4020659072757,-0.48576289807514,-0.21606692726802,0.75103430866785,-0.40088826624519,-2.7125762070381,0.70933397544662,1.0402294091824,-1.4207277742751,-1.3092206284121,-0.73117260478184,-0.88106999034352,-1.0320331561896,1.1613017482529,0.85703275581733,-0.4603880379694,0.74263638231166,1.1553858206829,-1.1386535807499,-0.68685929303011,-1.6582580619646,0.38434133162705,0.15603785549998,1.1188405193374,0.23362629421061,1.6936423274317,-1.3791241639223,-1.3609106838867,0.54095776475079,0.028489699116031,0.013971724395093,-0.98156699660946,-0.36348802174544,0.96859437899301,0.19185714310783,-0.6985053831498,-0.41465720619702,119.43164365652
13,-1.3070800631191,-0.37108086641948,0.18912491632525,0.074069080936277,0.96510990051285,-0.35218445544427,-1.5510774785532,-0.78092565084118,-0.16842018540903,0.067517847988936,1.6383761576114,-0.48839611516178,-0.1282919945316,-0.4718012505591,0.039340652230809,0.92014291744177,-1.2819821606986,2.8905432872123,0.44587101390527,0.013208601130764,-0.33634063100307,0.47582792892521,1.7931944962937,-1.2984758028845,1.2895432574937,0.88447270437545,1.0167495604417,0.38839015544537,-0.074924696161521,1.2417390610405,0.44990465646416,0.09155251010125,1.9263751705189,-0.013293951254499,-0.54856713381225,1.0249542345783,-0.50691361179211,-0.83954172424438,0.025839754319732,-0.24085561533704,-0.88561474042932,1.41186667699,-1.5314074489584,0.18880972954979,-0.0086320435691143,1.00607090472,-0.97703198255302,-2.0256896702106,-0.68235251866068,-0.42851639013302,-0.10602839670464,-0.20893248211623,0.37233645158727,-2.2760776872456,-0.043991296056678,-0.44156823983413,-2.7245206840155,-0.11799825329334,0.28236796414204,-0.73192166330075,1.5221144554498,0.025381969364539,2.0632049453322,-0.49653203229523,-0.50407910365149,0.30215060658017,-0.27418233684009,0.18888694597701,-0.89403792758565,0.82848916365889,0.30136589872968,-1.3824879813528,0.094610671776189,0.65294825069065,0.60073363604402,0.59002123932116,0.73826942739431,0.95771380645726,0.53461205602195,-0.21900793921534,-0.62886376261438,-2.6435776153358,0.44446572003729,-1.863070044541,-0.69262214907241,1.9615285549774,1.0219490960009,-0.014647592041369,-0.71315091062456,-0.8371466560111,0.033738574599648,-1.6338696838955,-0.59472298108366,-0.52255578752928,-0.61337265453057,0.77154498193779,1.7164358323699,-0.39402982266702,-1.6928471884216,-0.82317389757168,26.278419883211
14,-0.87123788003104,0.23139079555129,-0.48598849209747,-0.84120299932594,0.8669609737617,0.68724552697743,0.19378283133607,0.91224815168874,-0.48017811399064,-0.6042951551042,-0.19753543035286,0.80536689321686,1.2531841429786,-0.2008620441481,1.1639267114954,0.64939396665015,-2.0632951628343,1.3825524761202,-0.43946170013932,-1.4265880639005,0.52207182957427,-0.54975456158126,0.4520303768397,-0.76730727864251,0.62991163015918,0.47501051078812,-0.32928429428778,-0.70734585326173,0.63630515638239,0.7319977152616,-0.55809189302642,1.4690320768859,0.51561059860923,-0.93432417043116,-0.4850014277315,-0.21353407611883,-0.84797375346409,-0.32383965502683,1.0206394793113,0.015595585536106,-0.8130182708809,-1.653300008036,-0.081967370416149,-1.6226254382965,0.31899439638934,-1.1895706899037,-0.78066250743733,-0.76048545459602,0.46891997076277,2.4342355235345,-1.3631221654569,-1.1351433835075,0.43359156063778,-0.51356754703648,0.73755697524054,-1.4901396843996,-0.5273034378935,0.94647483046896,-0.80036730534689,-2.019076907942,1.1453726159805,-0.43150802105389,-0.75428256920248,-2.1277947525068,1.1646152166358,0.94759801252197,-0.97739162850691,0.005572703655875,-1.293936143554,1.810402402771,0.85872940674015,-0.13187423103676,-0.32058268918214,0.54074731063231,1.2093214372499,-0.14752596910267,0.11294939926527,-1.2473374587337,-1.4215762391549,0.21636519172842,-3.9912885179936,1.0163231358663,0.1357802035154,0.12240188653635,1.7550829759782,-0.90172387892482,0.86508363385815,-1.7531196236505,1.0965351526985,-0.97795841935084,1.0532796207374,0.39361012248316,-0.6080326284525,-1.7413401449865,-0.38701023385351,2.0466987867535,-0.99936543513888,1.0197140596408,0.8382817661391,-0.16826198803799,-243.53908567939
15,-0.84800415616273,1.6978221388262,0.14953614601142,0.15301772374602,-1.2443916324165,-0.50520103454524,-0.37372982757285,0.58750727454114,-1.215323268453,1.4803291421766,-1.2681078787217,-0.21006262678182,-0.29869666657249,-0.5188215868511,1.371678892176,0.6124618450202,1.1426450343833,-0.47791828372927,-0.18123474604412,1.2179710385614,0.45064038806507,-0.39062820885221,1.2079927676923,-0.022543187332387,0.033649291327805,-0.6400941494736,0.18324350214028,0.10263034869176,1.6411843569516,0.10585856038243,-0.40436193635673,-1.7796735659558,0.53972538378759,-0.38812631547847,-0.020866677833009,0.011863701957792,0.87617557743259,-0.91388139429767,1.6832972269592,-0.72548175633529,-0.11418362155048,-1.8111497628527,-0.34174034323998,1.1088971288417,1.1417697759361,0.83268609944603,-3.3495654238908,-0.27920138041413,0.52182249612979,-0.98312063891428,-1.0813348281606,-1.1238772522621,0.20889325619733,1.5346596898555,0.062096555911438,0.87564498083819,-1.2228717595667,-0.85228188821552,-0.65507174044398,-0.54211927917298,-1.1856323418821,0.72733666940124,-0.15575571052472,-0.31421554821155,0.90538231942603,2.3334868389582,-0.051896594483057,1.1050901439539,0.60736035984975,0.1434182347702,0.2998311116282,-1.2643907619526,-0.50663934949284,0.28995731811464,0.17261787816946,0.41186365322777,-0.06486694007701,-0.51813979582365,0.96971573297214,0.86974605709988,-0.47122873878164,2.2758828936835,-0.01739788851296,0.81906823592263,0.62253551436461,-0.79512721336421,2.3632929269117,-2.6393445184024,0.78278255862979,0.93983390411777,0.48115527846204,-1.4578867030516,-1.3545833179976,-0.83621537147696,-0.59794244712517,-0.29735388439422,-0.52259653839851,1.1537076459101,-1.5637063113062,-0.49079830809388,-218.33311725313
16,0.34366277052911,2.1117896030136,0.46653175170045,-1.759560161929,1.346401195768,-1.4837885497324,-0.77378460279393,-0.87813098648437,0.52697268795122,0.86767082464175,-1.9067041614415,0.64747479772157,1.8029513871277,-1.1994048749031,-1.2224496188198,0.66703445279534,0.38511402684807,-1.6682240334025,2.8584890414653,0.3836702484064,1.4401971537775,-0.84766335936487,2.3114838318653,-1.8215658606614,0.63269350892411,0.80973545517144,-0.23448922981313,-1.0061200511969,-0.213083520603,-0.53409334068789,1.4866230689155,0.56019926992918,-0.88979529342495,-0.039059703126488,-0.82252726878815,-1.6459205567012,-2.6254015547278,-2.6299699191808,-0.10525899702505,1.1645406736915,1.9619994678408,-0.6808088203708,0.07846898640575,0.67609809537058,0.54188599793913,0.4343408660045,0.28940580607817,1.5685645674506,-0.67719620311914,-0.83203692868763,0.9446672650427,0.39788331707139,-0.21872222290275,-0.5697798912001,0.49162694172436,0.99287497601916,0.41562845370433,-0.72863153581831,-0.24734722396901,-1.5839096110148,2.231317011804,-0.83825284727597,-1.3836184664855,0.7590994583569,0.35839278840266,1.2933341221301,0.39901375281046,-1.6994968783034,-0.1788786479497,-0.29015216032642,-1.0790029655898,1.3793447074102,-1.494211654649,-0.037452912256645,-0.54953690153228,-1.1405838084484,-0.079074282320196,0.028556624388548,-0.63219153531305,-2.0070658069557,1.0679430226883,0.25292446545442,-0.48650708188106,-0.42094899690296,-0.70452373778072,-0.47357324248863,-1.9798153305525,0.008285055976389,-1.3281886123376,0.043957560654623,1.1062430359621,-0.195966893832,-0.3409993141509,-0.5222664719243,-0.79653199876589,-0.094505988233188,0.64315780815656,-1.8032417054787,0.54657149466073,0.32652590267702,-34.15921261125
17,-0.34381311671246,-2.5019203743829,1.5347966687974,0.55545541286655,-1.5296226100124,-0.19894826037535,-0.51495051911344,-0.37788660306793,-0.36636352354998,0.95261791187869,1.0740264385066,1.8645499635539,-0.25326780098389,-0.71096528041223,0.50025773582171,0.37742481337154,0.21645206363088,1.2186965906834,-0.4700065886437,-0.073412994712783,-1.1089492863875,0.61053780814102,0.36003701518871,0.70642466797449,0.87943079451127,-0.31876419259008,-0.41587357870042,1.5594082445191,-0.2421513647394,1.5305680495399,0.37014999460125,1.3059502690549,0.46125207647898,1.1277456670714,-0.26985295160273,1.2990367036418,-0.63794933195781,-0.41734111650317,-1.3633035416593,0.099391505013182,-0.82320460962815,0.96180313594524,-0.52248310886787,-1.6940561167936,-0.86465345394259,1.0048198938331,0.90276255330994,0.25657807714953,-0.57096456069645,-0.59312459336114,0.5637722658252,-0.42552512663307,1.0931144916387,1.2211426314685,-2.52455089751,-0.90633479024218,-2.1333413601823,0.54377414102057,-0.9429113090371,0.92772650791417,1.2101116388729,0.27635761538984,-1.2116290740844,0.34166048881614,-0.14562900901636,1.5465672826661,-0.13073099196139,0.2779073527797,-1.3825224745322,0.96935072352086,-0.40304378929277,-1.6259343418338,-0.45192341838825,-0.3146019988753,-0.19826415337312,1.7278905110555,-0.2261232461002,-1.142529201907,-0.25384046040773,2.0008717682428,0.43744829819499,-0.11010783141158,-0.66717479061401,0.55111646289705,1.0454067394218,-0.98516287034418,1.9915282786516,-1.1408121284973,0.57676586464197,-0.19822458745278,0.16747198184809,0.15158356554438,1.1991605313203,0.62014838432839,0.56792422495961,-0.27937767341903,-0.85034104547278,0.37269258823728,0.04960762588966,-1.2490032213582,120.3507098106
18,0.25801249277872,-2.0692270086657,0.30945199751801,0.80304974636778,-0.033681787099395,-0.29916227197664,-0.28733489059488,0.58302896256226,0.39756630783428,-0.54550972724279,-2.2263463301295,0.38640325997573,0.86792213399056,1.7618355516144,0.29173069722573,0.36616257607379,-1.3934103862209,-0.90814868630201,-0.76185027749826,0.058245864339678,-0.32804414322169,-0.89856031277593,-1.8669532066075,0.74118306356699,1.2556022472991,-0.24920365264721,1.0153012832051,2.632485228546,0.11228446623158,0.0080629263817936,2.3699682832807,-1.4108583132904,-0.0024104236592883,-0.086720007172815,-0.20755642791349,-0.12443214294604,-2.5303223609606,0.63369231376718,-0.51689811200227,1.3357670564654,0.11188755718296,1.3779743913359,0.5542006939998,-0.45899958080505,0.040637968280987,-2.3640717146185,0.14563035204933,-1.1352398841676,1.7068592878733,0.94185827038413,0.19718097774173,0.24057804251645,0.20479100005057,0.41117192534794,1.2632132570038,0.17250691865534,-0.54055333861652,-0.78741425615507,0.14331950239934,-1.6016384438174,0.44442333456653,-1.6146471033735,1.3596061457426,0.46276858682151,0.5573501029081,-0.40595826135186,-0.3835311154532,-0.27672235280618,1.2026141887009,0.81514933146184,1.5191871455909,0.10442776522823,-0.36403409649943,1.0229076847572,-0.80429400730946,0.0074350267476074,1.8269919395664,-1.1300367547739,1.6112928207,0.09231044765686,-0.33201164840429,-1.0554849327928,0.464271074296,0.68143937083234,1.3383326018507,-0.064638698220236,0.81665759178601,0.43379814161712,0.1518109241416,1.0153675758389,0.1375557016446,1.582827149468,-0.71382788588596,1.7286516897394,0.78675611449031,0.95586934450643,-0.03646522956047,0.51340753725764,-0.014762248336622,-1.303874270828,104.24162385615
19,1.6412599446394,-0.43768445632077,-0.52164300013441,-0.39404212846085,-1.0861040598922,1.2892391797969,0.69566196918832,-1.3531362686683,1.5556005426122,-0.8877037183435,0.65985460913021,0.095590362277257,1.2074796677592,-0.092687520564096,1.2120741079998,-0.85135791569747,-0.51883259194947,0.11410619079187,0.46662927729259,-1.8450913765819,-0.57073962076397,0.20251300278465,2.9286221316438,0.67654170976649,-1.1157853871161,2.388116986551,0.59846596743963,0.55143686040898,-1.7562897574468,-1.4728027738808,0.57289471739711,0.35823411742827,1.0404461234643,0.15504557821145,-0.69305356917346,1.3658960179824,1.1088211063242,-1.0372801095254,0.34884718513484,1.0235119448566,0.18207930729399,0.09732393359823,-0.81095025038274,-0.92415545507755,0.95381764499942,0.85241643087097,1.1692404892586,0.97211183896626,0.62443080991192,-0.14303619698748,-0.43402771855689,0.4412982426229,1.0065433922641,-1.0327770104765,-0.22297745903252,-0.75507274677159,2.6315336339205,-0.021736162306661,-0.19857599272419,1.0569433874491,-0.65342157959789,-0.55574373881821,0.15644649510864,0.046612792393712,-0.040035857769944,1.9352631569593,-0.42947506557798,-0.41594791464772,-0.83619216782321,0.18410228389521,0.34093543690825,2.0364415574964,-0.28141291930158,0.22647630448317,1.2926949755244,-0.51272446855255,0.49748834345929,-0.35963232329755,0.40897667322434,0.84910029218097,-0.23433752612267,0.78454339274681,-0.44697372373446,2.9047343056306,1.1055410003691,0.32037218323422,1.3612750311837,2.8266960992582,-1.6018133871969,0.47493130669024,1.6229149029283,-0.67414492533026,1.3587593492218,0.89620948377087,1.7395305724479,-0.56692809188232,-0.81141425536467,-0.55334195388866,0.28509596605992,-0.92009127462142,167.85216124441
